Workbook
Name moras: Hoja1!$A$1:$I$5001
Name moras_1: Imputacion!$A$1:$I$5001

Sheet Hoja1
A1: IDENTIFICACION | B1: SEXO | C1: SALARIO | D1: TIPO_ASEGURAMIENTO | E1: SECTOR | F1: INDICADOR_ACTIVO | G1: INDICADOR.EXTRANJERO | H1: INDICADOR_MOROSO | I1: EDAD | J1: Z-SCORE_SALARIO | K1: Z-SCORE_EDAD | L1: ES_ATIPICO_SALARIO | M1: ES_ATIPICO_EDAD
A2: 1 | B2: HOMBRE | D2: ASALARIADO | E2: SECTOR PUBLICO | F2: SI | G2: NO | H2: NO | I2: 42 | J2: =(C2-$Q$13)/$Q$14 -> -0.81076736 | K2: =(I2-$R$13)/$R$14 -> 0.0066098168 | L2: =IF(ABS(J2)> 1.96, "SI", "NO") -> NO | M2: =IF(ABS(K2)> 1.96, "SI", "NO") -> NO | P2: 2) Resumen
A3: 2 | B3: HOMBRE | C3: 3315014 | D3: PENSIONADOS EN SU PROPIO SISTEMA | E3: SECTOR PUBLICO | F3: SI | G3: NO | H3: NO | I3: 77 | J3: =(C3-$Q$13)/$Q$14 -> 3.276784 | K3: =(I3-$R$13)/$R$14 -> 2.4767464 | L3: =IF(ABS(J3)> 1.96, "SI", "NO") -> SI | M3: =IF(ABS(K3)> 1.96, "SI", "NO") -> SI
A4: 3 | B4: MUJER | C4: 270486.01 | D4: ASALARIADO | E4: SECTOR PRIVADO | F4: SI | G4: NO | H4: NO | I4: 45 | J4: =(C4-$Q$13)/$Q$14 -> -0.47724677 | K4: =(I4-$R$13)/$R$14 -> 0.21833581 | L4: =IF(ABS(J4)> 1.96, "SI", "NO") -> NO | M4: =IF(ABS(K4)> 1.96, "SI", "NO") -> NO | Q4: Salario | R4: Edad
A5: 4 | B5: MUJER | C5: 544949.83 | D5: ASALARIADO | E5: SECTOR PRIVADO | F5: SI | G5: NO | H5: NO | I5: 49 | J5: =(C5-$Q$13)/$Q$14 -> -0.13882136 | K5: =(I5-$R$13)/$R$14 -> 0.50063713 | L5: =IF(ABS(J5)> 1.96, "SI", "NO") -> NO | M5: =IF(ABS(K5)> 1.96, "SI", "NO") -> NO | P5: Minimo | Q5: =MIN(C2:C5001) -> 10 | R5: =MIN(I2:I5001) -> 14
A6: 5 | B6: MUJER | C6: 210000 | D6: ASALARIADO | E6: SECTOR PRIVADO | F6: SI | G6: NO | H6: NO | I6: 42 | J6: =(C6-$Q$13)/$Q$14 -> -0.55182855 | K6: =(I6-$R$13)/$R$14 -> 0.0066098168 | L6: =IF(ABS(J6)> 1.96, "SI", "NO") -> NO | M6: =IF(ABS(K6)> 1.96, "SI", "NO") -> NO | P6: Cuartil 1 | Q6: =_xlfn.QUARTILE.EXC(C2:C5001,1) -> 297354.5 | R6: =_xlfn.QUARTILE.EXC(I2:I5001,1) -> 31
A7: 6 | B7: HOMBRE | C7: 397150 | D7: ASALARIADO | E7: SECTOR PRIVADO | F7: SI | G7: NO | H7: NO | I7: 44 | J7: =(C7-$Q$13)/$Q$14 -> -0.32106475 | K7: =(I7-$R$13)/$R$14 -> 0.14776048 | L7: =IF(ABS(J7)> 1.96, "SI", "NO") -> NO | M7: =IF(ABS(K7)> 1.96, "SI", "NO") -> NO | P7: Mediana | Q7: =MEDIAN(C2:C5001) -> 408495 | R7: =MEDIAN(I2:I5001) -> 40
A8: 7 | B8: HOMBRE | C8: 854712 | D8: ASALARIADO | E8: SECTOR PRIVADO | F8: SI | G8: NO | H8: NO | I8: 38 | J8: =(C8-$Q$13)/$Q$14 -> 0.24312838 | K8: =(I8-$R$13)/$R$14 -> -0.2756915 | L8: =IF(ABS(J8)> 1.96, "SI", "NO") -> NO | M8: =IF(ABS(K8)> 1.96, "SI", "NO") -> NO | P8: Cuartil 3 | Q8: =_xlfn.QUARTILE.EXC(C2:C5001,3) -> 700000 | R8: =_xlfn.QUARTILE.EXC(I2:I5001,3) -> 52
A9: 8 | B9: HOMBRE | C9: 401000 | D9: ASALARIADO | E9: SECTOR PRIVADO | F9: SI | G9: SI | H9: SI | I9: 36 | J9: =(C9-$Q$13)/$Q$14 -> -0.31631754 | K9: =(I9-$R$13)/$R$14 -> -0.41684216 | L9: =IF(ABS(J9)> 1.96, "SI", "NO") -> NO | M9: =IF(ABS(K9)> 1.96, "SI", "NO") -> NO | P9: Máximo | Q9: =MAX(C2:C5001) -> 16858742 | R9: =MAX(I2:I5001) -> 99
A10: 9 | B10: MUJER | C10: 264703.96 | D10: ASALARIADO | E10: SECTOR PRIVADO | F10: SI | G10: NO | H10: NO | I10: 21 | J10: =(C10-$Q$13)/$Q$14 -> -0.48437628 | K10: =(I10-$R$13)/$R$14 -> -1.4754721 | L10: =IF(ABS(J10)> 1.96, "SI", "NO") -> NO | M10: =IF(ABS(K10)> 1.96, "SI", "NO") -> NO | P10: Promedio | Q10: =AVERAGE(C2:C5001) -> 657534.29 | R10: =AVERAGE(I2:I5001) -> 41.906344
A11: 10 | B11: HOMBRE | C11: 4677126.8 | D11: ASALARIADO | E11: SECTOR PRIVADO | F11: SI | G11: NO | H11: NO | I11: 40 | J11: =(C11-$Q$13)/$Q$14 -> 4.9563262 | K11: =(I11-$R$13)/$R$14 -> -0.13454084 | L11: =IF(ABS(J11)> 1.96, "SI", "NO") -> SI | M11: =IF(ABS(K11)> 1.96, "SI", "NO") -> NO | P11: 3)
A12: 11 | B12: MUJER | C12: 1200000 | D12: ASALARIADO | E12: SECTOR PRIVADO | F12: SI | G12: NO | H12: NO | I12: 30 | J12: =(C12-$Q$13)/$Q$14 -> 0.66888297 | K12: =(I12-$R$13)/$R$14 -> -0.84029414 | L12: =IF(ABS(J12)> 1.96, "SI", "NO") -> NO | M12: =IF(ABS(K12)> 1.96, "SI", "NO") -> NO | Q12: Salario | R12: Edad
A13: 12 | B13: MUJER | C13: 1030132 | D13: ASALARIADO | E13: SECTOR PUBLICO | F13: SI | G13: NO | H13: SI | I13: 58 | J13: =(C13-$Q$13)/$Q$14 -> 0.4594286 | K13: =(I13-$R$13)/$R$14 -> 1.1358151 | L13: =IF(ABS(J13)> 1.96, "SI", "NO") -> NO | M13: =IF(ABS(K13)> 1.96, "SI", "NO") -> NO | P13: Promedio | Q13: =AVERAGE(C2:C5001) -> 657534.29 | R13: =AVERAGE(I2:I5001) -> 41.906344
A14: 13 | B14: HOMBRE | C14: 731287.5 | D14: ASALARIADO | E14: SECTOR PUBLICO | F14: SI | G14: NO | H14: NO | I14: 40 | J14: =(C14-$Q$13)/$Q$14 -> 0.090940799 | K14: =(I14-$R$13)/$R$14 -> -0.13454084 | L14: =IF(ABS(J14)> 1.96, "SI", "NO") -> NO | M14: =IF(ABS(K14)> 1.96, "SI", "NO") -> NO | P14: Des.estand. | Q14: =_xlfn.STDEV.S(C2:C5001) -> 811002.42 | R14: =_xlfn.STDEV.S(I2:I5001) -> 14.169257
A15: 14 | B15: HOMBRE | C15: 282305 | D15: ASEGURADO VOLUNTARIO | E15: SECTOR PRIVADO | F15: SI | G15: NO | H15: NO | I15: 51 | J15: =(C15-$Q$13)/$Q$14 -> -0.46267346 | K15: =(I15-$R$13)/$R$14 -> 0.64178779 | L15: =IF(ABS(J15)> 1.96, "SI", "NO") -> NO | M15: =IF(ABS(K15)> 1.96, "SI", "NO") -> NO
A16: 15 | B16: MUJER | C16: 343390.86 | D16: TRABAJADOR INDEPENDIENTE | E16: SECTOR PRIVADO | F16: SI | G16: NO | H16: NO | I16: 59 | J16: =(C16-$Q$13)/$Q$14 -> -0.38735203 | K16: =(I16-$R$13)/$R$14 -> 1.2063904 | L16: =IF(ABS(J16)> 1.96, "SI", "NO") -> NO | M16: =IF(ABS(K16)> 1.96, "SI", "NO") -> NO | P16: 4)
A17: 16 | B17: MUJER | C17: 1943489.5 | D17: ASALARIADO | E17: SECTOR PUBLICO | F17: SI | G17: NO | H17: NO | I17: 58 | J17: =(C17-$Q$13)/$Q$14 -> 1.5856367 | K17: =(I17-$R$13)/$R$14 -> 1.1358151 | L17: =IF(ABS(J17)> 1.96, "SI", "NO") -> NO | M17: =IF(ABS(K17)> 1.96, "SI", "NO") -> NO | Q17: IDENTIFICACION | R17: SEXO | S17: SALARIO | T17: TIPO_ASEGURAMIENTO | U17: SECTOR | V17: INDICADOR_ACTIVO | W17: INDICADOR.EXTRANJERO | X17: INDICADOR_MOROSO | Y17: EDAD
A18: 17 | B18: MUJER | C18: 1108980 | D18: ASALARIADO | E18: SECTOR PUBLICO | F18: SI | G18: NO | H18: SI | I18: 36 | J18: =(C18-$Q$13)/$Q$14 -> 0.55665149 | K18: =(I18-$R$13)/$R$14 -> -0.41684216 | L18: =IF(ABS(J18)> 1.96, "SI", "NO") -> NO | M18: =IF(ABS(K18)> 1.96, "SI", "NO") -> NO | P18: Valores faltantes | Q18: =COUNTBLANK(A2:A5001) -> 0 | R18: =COUNTBLANK(B2:B5001) -> 0 | S18: =COUNTBLANK(C2:C5001) -> 3 | T18: =COUNTBLANK(D2:D5001) -> 2 | U18: =COUNTBLANK(E2:E5001) -> 0 | V18: =COUNTBLANK(F2:F5001) -> 0 | W18: =COUNTBLANK(G2:G5001) -> 0 | X18: =COUNTBLANK(H2:H5001) -> 0 | Y18: =COUNTBLANK(I2:I5001) -> 3
A19: 18 | B19: MUJER | C19: 133157 | D19: ASALARIADO | E19: SECTOR PRIVADO | F19: SI | G19: NO | H19: NO | I19: 39 | J19: =(C19-$Q$13)/$Q$14 -> -0.6465792 | K19: =(I19-$R$13)/$R$14 -> -0.20511617 | L19: =IF(ABS(J19)> 1.96, "SI", "NO") -> NO | M19: =IF(ABS(K19)> 1.96, "SI", "NO") -> NO | P19: Porcentaje NA | Q19: =Q18/5000*100 -> 0 | R19: =R18/5000*100 -> 0 | S19: =S18/5000*100 -> 0.06 | T19: =T18/5000*100 -> 0.04 | U19: =U18/5000*100 -> 0 | V19: =V18/5000*100 -> 0 | W19: =W18/5000*100 -> 0 | X19: =X18/5000*100 -> 0 | Y19: =Y18/5000*100 -> 0.06
A20: 19 | B20: HOMBRE | C20: 553939 | D20: ASALARIADO | E20: SECTOR PRIVADO | F20: SI | G20: NO | H20: NO | I20: 45 | J20: =(C20-$Q$13)/$Q$14 -> -0.12773734 | K20: =(I20-$R$13)/$R$14 -> 0.21833581 | L20: =IF(ABS(J20)> 1.96, "SI", "NO") -> NO | M20: =IF(ABS(K20)> 1.96, "SI", "NO") -> NO
A21: 20 | B21: MUJER | C21: 309820 | D21: ASEGURADO VOLUNTARIO | E21: SECTOR PRIVADO | F21: SI | G21: SI | H21: SI | I21: 52 | J21: =(C21-$Q$13)/$Q$14 -> -0.42874631 | K21: =(I21-$R$13)/$R$14 -> 0.71236312 | L21: =IF(ABS(J21)> 1.96, "SI", "NO") -> NO | M21: =IF(ABS(K21)> 1.96, "SI", "NO") -> NO | P21: 5)
A22: 21 | B22: MUJER | D22: ASALARIADO | E22: SECTOR PRIVADO | F22: SI | G22: SI | H22: NO | I22: 28 | J22: =(C22-$Q$13)/$Q$14 -> -0.81076736 | K22: =(I22-$R$13)/$R$14 -> -0.9814448 | L22: =IF(ABS(J22)> 1.96, "SI", "NO") -> NO | M22: =IF(ABS(K22)> 1.96, "SI", "NO") -> NO | P22: Para esto voy a imputar mediante el promedio. Creo una nueva hoja llamada Imputacion y ahí imputo la tabla
A23: 22 | B23: HOMBRE | C23: 278030 | D23: CONVENIOS ESPECIALES DE TRABAJADORES INDEPENDIENTES | E23: SECTOR PRIVADO | F23: SI | G23: NO | H23: NO | I23: 59 | J23: =(C23-$Q$13)/$Q$14 -> -0.46794471 | K23: =(I23-$R$13)/$R$14 -> 1.2063904 | L23: =IF(ABS(J23)> 1.96, "SI", "NO") -> NO | M23: =IF(ABS(K23)> 1.96, "SI", "NO") -> NO | P23: Para el caso de TIPO_ASEGURAMIENTO busco la moda
A24: 23 | B24: HOMBRE | C24: 2124814 | D24: ASALARIADO | E24: SECTOR PRIVADO | F24: SI | G24: NO | H24: NO | I24: 32 | J24: =(C24-$Q$13)/$Q$14 -> 1.8092174 | K24: =(I24-$R$13)/$R$14 -> -0.69914348 | L24: =IF(ABS(J24)> 1.96, "SI", "NO") -> NO | M24: =IF(ABS(K24)> 1.96, "SI", "NO") -> NO
A25: 24 | B25: HOMBRE | C25: 191744.68 | D25: ASALARIADO | E25: SECTOR PRIVADO | F25: SI | G25: NO | H25: NO | I25: 18 | J25: =(C25-$Q$13)/$Q$14 -> -0.57433813 | K25: =(I25-$R$13)/$R$14 -> -1.6871981 | L25: =IF(ABS(J25)> 1.96, "SI", "NO") -> NO | M25: =IF(ABS(K25)> 1.96, "SI", "NO") -> NO | P25: Asalariado | Q25: =COUNTIF(D2:D5001,"Asalariado") -> 3462 | R25: como solo son cinco mil datos esta es la moda
A26: 25 | B26: MUJER | C26: 1117489 | D26: ASALARIADO | E26: SECTOR PUBLICO | F26: SI | G26: NO | H26: SI | I26: 36 | J26: =(C26-$Q$13)/$Q$14 -> 0.56714345 | K26: =(I26-$R$13)/$R$14 -> -0.41684216 | L26: =IF(ABS(J26)> 1.96, "SI", "NO") -> NO | M26: =IF(ABS(K26)> 1.96, "SI", "NO") -> NO
A27: 26 | B27: HOMBRE | C27: 1451530 | D27: PENSIONADOS EN SU PROPIO SISTEMA | E27: SECTOR PUBLICO | F27: SI | G27: NO | H27: NO | I27: 62 | J27: =(C27-$Q$13)/$Q$14 -> 0.97903001 | K27: =(I27-$R$13)/$R$14 -> 1.4181164 | L27: =IF(ABS(J27)> 1.96, "SI", "NO") -> NO | M27: =IF(ABS(K27)> 1.96, "SI", "NO") -> NO | P27: 6)
A28: 27 | B28: HOMBRE | C28: 66700 | D28: ASALARIADO | E28: SECTOR PRIVADO | F28: SI | G28: NO | H28: NO | I28: 38 | J28: =(C28-$Q$13)/$Q$14 -> -0.72852347 | K28: =(I28-$R$13)/$R$14 -> -0.2756915 | L28: =IF(ABS(J28)> 1.96, "SI", "NO") -> NO | M28: =IF(ABS(K28)> 1.96, "SI", "NO") -> NO
A29: 28 | B29: MUJER | C29: 73410 | D29: ASALARIADO | E29: SECTOR PRIVADO | F29: SI | G29: SI | H29: NO | I29: 22 | J29: =(C29-$Q$13)/$Q$14 -> -0.72024975 | K29: =(I29-$R$13)/$R$14 -> -1.4048968 | L29: =IF(ABS(J29)> 1.96, "SI", "NO") -> NO | M29: =IF(ABS(K29)> 1.96, "SI", "NO") -> NO
A30: 29 | B30: HOMBRE | C30: 815355.66 | D30: ASALARIADO | E30: SECTOR PUBLICO | F30: SI | G30: NO | H30: NO | I30: 42 | J30: =(C30-$Q$13)/$Q$14 -> 0.19460037 | K30: =(I30-$R$13)/$R$14 -> 0.0066098168 | L30: =IF(ABS(J30)> 1.96, "SI", "NO") -> NO | M30: =IF(ABS(K30)> 1.96, "SI", "NO") -> NO
A31: 30 | B31: HOMBRE | C31: 398125 | D31: ASALARIADO | E31: SECTOR PRIVADO | F31: SI | G31: NO | H31: NO | I31: 38 | J31: =(C31-$Q$13)/$Q$14 -> -0.31986254 | K31: =(I31-$R$13)/$R$14 -> -0.2756915 | L31: =IF(ABS(J31)> 1.96, "SI", "NO") -> NO | M31: =IF(ABS(K31)> 1.96, "SI", "NO") -> NO
A32: 31 | B32: HOMBRE | C32: 606763.96 | D32: ASALARIADO | E32: SECTOR PRIVADO | F32: SI | G32: NO | H32: NO | I32: 39 | J32: =(C32-$Q$13)/$Q$14 -> -0.062601949 | K32: =(I32-$R$13)/$R$14 -> -0.20511617 | L32: =IF(ABS(J32)> 1.96, "SI", "NO") -> NO | M32: =IF(ABS(K32)> 1.96, "SI", "NO") -> NO
A33: 32 | B33: HOMBRE | C33: 360420 | D33: TRABAJADOR INDEPENDIENTE | E33: SECTOR PRIVADO | F33: SI | G33: NO | H33: SI | I33: 53 | J33: =(C33-$Q$13)/$Q$14 -> -0.36635439 | K33: =(I33-$R$13)/$R$14 -> 0.78293845 | L33: =IF(ABS(J33)> 1.96, "SI", "NO") -> NO | M33: =IF(ABS(K33)> 1.96, "SI", "NO") -> NO
A34: 33 | B34: MUJER | C34: 297046 | D34: ASALARIADO | E34: SECTOR PRIVADO | F34: SI | G34: SI | H34: NO | I34: 41 | J34: =(C34-$Q$13)/$Q$14 -> -0.44449719 | K34: =(I34-$R$13)/$R$14 -> -0.063965513 | L34: =IF(ABS(J34)> 1.96, "SI", "NO") -> NO | M34: =IF(ABS(K34)> 1.96, "SI", "NO") -> NO
A35: 34 | B35: HOMBRE | C35: 558030 | D35: ASALARIADO | E35: SECTOR PRIVADO | F35: SI | G35: NO | H35: NO | I35: 28 | J35: =(C35-$Q$13)/$Q$14 -> -0.12269297 | K35: =(I35-$R$13)/$R$14 -> -0.9814448 | L35: =IF(ABS(J35)> 1.96, "SI", "NO") -> NO | M35: =IF(ABS(K35)> 1.96, "SI", "NO") -> NO
A36: 35 | B36: HOMBRE | C36: 68309.03 | D36: ASALARIADO | E36: SECTOR PRIVADO | F36: SI | G36: NO | H36: NO | I36: 43 | J36: =(C36-$Q$13)/$Q$14 -> -0.72653946 | K36: =(I36-$R$13)/$R$14 -> 0.077185147 | L36: =IF(ABS(J36)> 1.96, "SI", "NO") -> NO | M36: =IF(ABS(K36)> 1.96, "SI", "NO") -> NO
A37: 36 | B37: HOMBRE | D37: ASALARIADO | E37: SECTOR PUBLICO | F37: SI | G37: NO | H37: NO | I37: 62 | J37: =(C37-$Q$13)/$Q$14 -> -0.81076736 | K37: =(I37-$R$13)/$R$14 -> 1.4181164 | L37: =IF(ABS(J37)> 1.96, "SI", "NO") -> NO | M37: =IF(ABS(K37)> 1.96, "SI", "NO") -> NO
A38: 37 | B38: HOMBRE | C38: 1552307.5 | D38: ASALARIADO | E38: SECTOR PRIVADO | F38: SI | G38: SI | H38: NO | I38: 41 | J38: =(C38-$Q$13)/$Q$14 -> 1.1032929 | K38: =(I38-$R$13)/$R$14 -> -0.063965513 | L38: =IF(ABS(J38)> 1.96, "SI", "NO") -> NO | M38: =IF(ABS(K38)> 1.96, "SI", "NO") -> NO
A39: 38 | B39: HOMBRE | C39: 1531575 | D39: ASEGURADO VOLUNTARIO | E39: SECTOR PRIVADO | F39: SI | G39: SI | H39: NO | I39: 66 | J39: =(C39-$Q$13)/$Q$14 -> 1.0777289 | K39: =(I39-$R$13)/$R$14 -> 1.7004177 | L39: =IF(ABS(J39)> 1.96, "SI", "NO") -> NO | M39: =IF(ABS(K39)> 1.96, "SI", "NO") -> NO
A40: 39 | B40: HOMBRE | C40: 3220569.1 | D40: ASALARIADO | E40: SECTOR PRIVADO | F40: SI | G40: NO | H40: NO | I40: 48 | J40: =(C40-$Q$13)/$Q$14 -> 3.1603294 | K40: =(I40-$R$13)/$R$14 -> 0.4300618 | L40: =IF(ABS(J40)> 1.96, "SI", "NO") -> SI | M40: =IF(ABS(K40)> 1.96, "SI", "NO") -> NO
A41: 40 | B41: HOMBRE | C41: 658917 | D41: ASALARIADO | E41: SECTOR PUBLICO | F41: SI | G41: NO | H41: SI | I41: 56 | J41: =(C41-$Q$13)/$Q$14 -> 0.0017049365 | K41: =(I41-$R$13)/$R$14 -> 0.99466444 | L41: =IF(ABS(J41)> 1.96, "SI", "NO") -> NO | M41: =IF(ABS(K41)> 1.96, "SI", "NO") -> NO
A42: 41 | B42: HOMBRE | C42: 631707.6 | D42: ASALARIADO | E42: SECTOR PRIVADO | F42: SI | G42: NO | H42: NO | I42: 25 | J42: =(C42-$Q$13)/$Q$14 -> -0.031845395 | K42: =(I42-$R$13)/$R$14 -> -1.1931708 | L42: =IF(ABS(J42)> 1.96, "SI", "NO") -> NO | M42: =IF(ABS(K42)> 1.96, "SI", "NO") -> NO
A43: 42 | B43: MUJER | C43: 977376 | D43: ASALARIADO | E43: SECTOR PRIVADO | F43: SI | G43: NO | H43: NO | I43: 33 | J43: =(C43-$Q$13)/$Q$14 -> 0.39437824 | K43: =(I43-$R$13)/$R$14 -> -0.62856815 | L43: =IF(ABS(J43)> 1.96, "SI", "NO") -> NO | M43: =IF(ABS(K43)> 1.96, "SI", "NO") -> NO
A44: 43 | B44: MUJER | C44: 278030 | D44: CONVENIOS ESPECIALES DE TRABAJADORES INDEPENDIENTES | E44: SECTOR PRIVADO | F44: SI | G44: SI | H44: NO | I44: 23 | J44: =(C44-$Q$13)/$Q$14 -> -0.46794471 | K44: =(I44-$R$13)/$R$14 -> -1.3343215 | L44: =IF(ABS(J44)> 1.96, "SI", "NO") -> NO | M44: =IF(ABS(K44)> 1.96, "SI", "NO") -> NO
A45: 44 | B45: HOMBRE | C45: 633750 | D45: ASALARIADO | E45: SECTOR PRIVADO | F45: SI | G45: NO | H45: NO | I45: 43 | J45: =(C45-$Q$13)/$Q$14 -> -0.02932703 | K45: =(I45-$R$13)/$R$14 -> 0.077185147 | L45: =IF(ABS(J45)> 1.96, "SI", "NO") -> NO | M45: =IF(ABS(K45)> 1.96, "SI", "NO") -> NO
A46: 45 | B46: MUJER | C46: 376776 | D46: ASALARIADO | E46: SECTOR PRIVADO | F46: SI | G46: NO | H46: NO | I46: 27 | J46: =(C46-$Q$13)/$Q$14 -> -0.34618675 | K46: =(I46-$R$13)/$R$14 -> -1.0520201 | L46: =IF(ABS(J46)> 1.96, "SI", "NO") -> NO | M46: =IF(ABS(K46)> 1.96, "SI", "NO") -> NO
A47: 46 | B47: MUJER | C47: 1878386.2 | D47: ASALARIADO | E47: SECTOR PRIVADO | F47: SI | G47: NO | H47: NO | I47: 28 | J47: =(C47-$Q$13)/$Q$14 -> 1.5053616 | K47: =(I47-$R$13)/$R$14 -> -0.9814448 | L47: =IF(ABS(J47)> 1.96, "SI", "NO") -> NO | M47: =IF(ABS(K47)> 1.96, "SI", "NO") -> NO
A48: 47 | B48: MUJER | C48: 2224883 | D48: ASALARIADO | E48: SECTOR PRIVADO | F48: SI | G48: NO | H48: NO | I48: 49 | J48: =(C48-$Q$13)/$Q$14 -> 1.9326067 | K48: =(I48-$R$13)/$R$14 -> 0.50063713 | L48: =IF(ABS(J48)> 1.96, "SI", "NO") -> NO | M48: =IF(ABS(K48)> 1.96, "SI", "NO") -> NO
A49: 48 | B49: MUJER | C49: 349000 | D49: ASALARIADO | E49: SECTOR PRIVADO | F49: SI | G49: NO | H49: NO | I49: 36 | J49: =(C49-$Q$13)/$Q$14 -> -0.38043572 | K49: =(I49-$R$13)/$R$14 -> -0.41684216 | L49: =IF(ABS(J49)> 1.96, "SI", "NO") -> NO | M49: =IF(ABS(K49)> 1.96, "SI", "NO") -> NO
A50: 49 | B50: HOMBRE | C50: 675069.69 | D50: ASALARIADO | E50: SECTOR PRIVADO | F50: SI | G50: NO | H50: NO | I50: 39 | J50: =(C50-$Q$13)/$Q$14 -> 0.021621881 | K50: =(I50-$R$13)/$R$14 -> -0.20511617 | L50: =IF(ABS(J50)> 1.96, "SI", "NO") -> NO | M50: =IF(ABS(K50)> 1.96, "SI", "NO") -> NO
A51: 50 | B51: HOMBRE | C51: 443282 | D51: ASALARIADO | E51: SECTOR PRIVADO | F51: SI | G51: SI | H51: NO | J51: =(C51-$Q$13)/$Q$14 -> -0.26418206 | K51: =(I51-$R$13)/$R$14 -> -2.957554 | L51: =IF(ABS(J51)> 1.96, "SI", "NO") -> NO | M51: =IF(ABS(K51)> 1.96, "SI", "NO") -> SI
A52: 51 | B52: HOMBRE | C52: 297044.99 | D52: TRABAJADOR INDEPENDIENTE | E52: SECTOR PRIVADO | F52: SI | G52: NO | H52: NO | I52: 66 | J52: =(C52-$Q$13)/$Q$14 -> -0.44449843 | K52: =(I52-$R$13)/$R$14 -> 1.7004177 | L52: =IF(ABS(J52)> 1.96, "SI", "NO") -> NO | M52: =IF(ABS(K52)> 1.96, "SI", "NO") -> NO
A53: 52 | B53: HOMBRE | C53: 1505458.9 | D53: ASALARIADO | E53: SECTOR PUBLICO | F53: SI | G53: NO | H53: NO | J53: =(C53-$Q$13)/$Q$14 -> 1.0455266 | K53: =(I53-$R$13)/$R$14 -> -2.957554 | L53: =IF(ABS(J53)> 1.96, "SI", "NO") -> NO | M53: =IF(ABS(K53)> 1.96, "SI", "NO") -> SI
A54: 53 | B54: MUJER | C54: 743436 | D54: ASALARIADO | E54: SECTOR PRIVADO | F54: SI | G54: NO | H54: NO | I54: 28 | J54: =(C54-$Q$13)/$Q$14 -> 0.10592041 | K54: =(I54-$R$13)/$R$14 -> -0.9814448 | L54: =IF(ABS(J54)> 1.96, "SI", "NO") -> NO | M54: =IF(ABS(K54)> 1.96, "SI", "NO") -> NO
A55: 54 | B55: HOMBRE | C55: 379422 | D55: TRABAJADOR INDEPENDIENTE | E55: SECTOR PRIVADO | F55: SI | G55: NO | H55: NO | I55: 43 | J55: =(C55-$Q$13)/$Q$14 -> -0.34292412 | K55: =(I55-$R$13)/$R$14 -> 0.077185147 | L55: =IF(ABS(J55)> 1.96, "SI", "NO") -> NO | M55: =IF(ABS(K55)> 1.96, "SI", "NO") -> NO
A56: 55 | B56: HOMBRE | C56: 300000 | D56: ASEGURADO VOLUNTARIO | E56: SECTOR PRIVADO | F56: SI | G56: NO | H56: NO | I56: 44 | J56: =(C56-$Q$13)/$Q$14 -> -0.44085478 | K56: =(I56-$R$13)/$R$14 -> 0.14776048 | L56: =IF(ABS(J56)> 1.96, "SI", "NO") -> NO | M56: =IF(ABS(K56)> 1.96, "SI", "NO") -> NO
A57: 56 | B57: MUJER | C57: 159787.22 | D57: ASALARIADO | E57: SECTOR PRIVADO | F57: SI | G57: SI | H57: NO | I57: 44 | J57: =(C57-$Q$13)/$Q$14 -> -0.61374302 | K57: =(I57-$R$13)/$R$14 -> 0.14776048 | L57: =IF(ABS(J57)> 1.96, "SI", "NO") -> NO | M57: =IF(ABS(K57)> 1.96, "SI", "NO") -> NO
A58: 57 | B58: MUJER | C58: 267741.04 | D58: ASALARIADO | E58: SECTOR PRIVADO | F58: SI | G58: NO | H58: NO | I58: 32 | J58: =(C58-$Q$13)/$Q$14 -> -0.48063143 | K58: =(I58-$R$13)/$R$14 -> -0.69914348 | L58: =IF(ABS(J58)> 1.96, "SI", "NO") -> NO | M58: =IF(ABS(K58)> 1.96, "SI", "NO") -> NO
A59: 58 | B59: MUJER | C59: 376777 | D59: ASALARIADO | E59: SECTOR PRIVADO | F59: SI | G59: NO | H59: NO | I59: 43 | J59: =(C59-$Q$13)/$Q$14 -> -0.34618552 | K59: =(I59-$R$13)/$R$14 -> 0.077185147 | L59: =IF(ABS(J59)> 1.96, "SI", "NO") -> NO | M59: =IF(ABS(K59)> 1.96, "SI", "NO") -> NO
A60: 59 | B60: HOMBRE | C60: 386161 | D60: TRABAJADOR INDEPENDIENTE | E60: SECTOR PRIVADO | F60: SI | G60: NO | H60: SI | I60: 45 | J60: =(C60-$Q$13)/$Q$14 -> -0.33461465 | K60: =(I60-$R$13)/$R$14 -> 0.21833581 | L60: =IF(ABS(J60)> 1.96, "SI", "NO") -> NO | M60: =IF(ABS(K60)> 1.96, "SI", "NO") -> NO
A61: 60 | B61: HOMBRE | C61: 278030 | D61: CONVENIOS ESPECIALES DE TRABAJADORES INDEPENDIENTES | E61: SECTOR PRIVADO | F61: SI | G61: NO | H61: NO | I61: 22 | J61: =(C61-$Q$13)/$Q$14 -> -0.46794471 | K61: =(I61-$R$13)/$R$14 -> -1.4048968 | L61: =IF(ABS(J61)> 1.96, "SI", "NO") -> NO | M61: =IF(ABS(K61)> 1.96, "SI", "NO") -> NO
A62: 61 | B62: HOMBRE | C62: 1594012.7 | D62: ASALARIADO | E62: SECTOR PRIVADO | F62: SI | G62: NO | H62: NO | I62: 32 | J62: =(C62-$Q$13)/$Q$14 -> 1.1547171 | K62: =(I62-$R$13)/$R$14 -> -0.69914348 | L62: =IF(ABS(J62)> 1.96, "SI", "NO") -> NO | M62: =IF(ABS(K62)> 1.96, "SI", "NO") -> NO
A63: 62 | B63: HOMBRE | C63: 1401725 | D63: PENSIONADOS EN SU PROPIO SISTEMA | E63: SECTOR PUBLICO | F63: SI | G63: NO | H63: NO | I63: 85 | J63: =(C63-$Q$13)/$Q$14 -> 0.9176184 | K63: =(I63-$R$13)/$R$14 -> 3.041349 | L63: =IF(ABS(J63)> 1.96, "SI", "NO") -> NO | M63: =IF(ABS(K63)> 1.96, "SI", "NO") -> SI
A64: 63 | B64: HOMBRE | C64: 366358.49 | D64: ASALARIADO | E64: SECTOR PRIVADO | F64: SI | G64: NO | H64: NO | I64: 51 | J64: =(C64-$Q$13)/$Q$14 -> -0.35903198 | K64: =(I64-$R$13)/$R$14 -> 0.64178779 | L64: =IF(ABS(J64)> 1.96, "SI", "NO") -> NO | M64: =IF(ABS(K64)> 1.96, "SI", "NO") -> NO
A65: 64 | B65: MUJER | C65: 411794 | D65: TRABAJADOR INDEPENDIENTE | E65: SECTOR PRIVADO | F65: SI | G65: NO | H65: NO | I65: 53 | J65: =(C65-$Q$13)/$Q$14 -> -0.30300809 | K65: =(I65-$R$13)/$R$14 -> 0.78293845 | L65: =IF(ABS(J65)> 1.96, "SI", "NO") -> NO | M65: =IF(ABS(K65)> 1.96, "SI", "NO") -> NO
... A70: 69 | B70: HOMBRE | C70: 1866932.5 | D70: ASALARIADO | E70: SECTOR PUBLICO | F70: SI | G70: NO | H70: NO | I70: 57 | J70: =(C70-$Q$13)/$Q$14 -> 1.4912387 | K70: =(I70-$R$13)/$R$14 -> 1.0652398 | L70: =IF(ABS(J70)> 1.96, "SI", "NO") -> NO | M70: =IF(ABS(K70)> 1.96, "SI", "NO") -> NO
A71: 70 | B71: HOMBRE | C71: 299647 | D71: ASEGURADO VOLUNTARIO | E71: SECTOR PRIVADO | F71: SI | G71: NO | H71: NO | J71: =(C71-$Q$13)/$Q$14 -> -0.44129004 | K71: =(I71-$R$13)/$R$14 -> -2.957554 | L71: =IF(ABS(J71)> 1.96, "SI", "NO") -> NO | M71: =IF(ABS(K71)> 1.96, "SI", "NO") -> SI
A72: 71 | B72: MUJER | C72: 544163.5 | D72: ASALARIADO | E72: SECTOR PRIVADO | F72: SI | G72: NO | H72: NO | I72: 24 | J72: =(C72-$Q$13)/$Q$14 -> -0.13979094 | K72: =(I72-$R$13)/$R$14 -> -1.2637461 | L72: =IF(ABS(J72)> 1.96, "SI", "NO") -> NO | M72: =IF(ABS(K72)> 1.96, "SI", "NO") -> NO
A73: 72 | B73: MUJER | C73: 2128928 | E73: SECTOR PUBLICO | F73: SI | G73: NO | H73: SI | I73: 42 | J73: =(C73-$Q$13)/$Q$14 -> 1.8142902 | K73: =(I73-$R$13)/$R$14 -> 0.0066098168 | L73: =IF(ABS(J73)> 1.96, "SI", "NO") -> NO | M73: =IF(ABS(K73)> 1.96, "SI", "NO") -> NO
A74: 73 | B74: HOMBRE | C74: 278030 | D74: CONVENIOS ESPECIALES DE TRABAJADORES INDEPENDIENTES | E74: SECTOR PRIVADO | F74: SI | G74: NO | H74: NO | I74: 57 | J74: =(C74-$Q$13)/$Q$14 -> -0.46794471 | K74: =(I74-$R$13)/$R$14 -> 1.0652398 | L74: =IF(ABS(J74)> 1.96, "SI", "NO") -> NO | M74: =IF(ABS(K74)> 1.96, "SI", "NO") -> NO
A75: 74 | B75: MUJER | C75: 508972.8 | D75: ASALARIADO | E75: SECTOR PUBLICO | F75: SI | G75: NO | H75: NO | I75: 46 | J75: =(C75-$Q$13)/$Q$14 -> -0.18318255 | K75: =(I75-$R$13)/$R$14 -> 0.28891114 | L75: =IF(ABS(J75)> 1.96, "SI", "NO") -> NO | M75: =IF(ABS(K75)> 1.96, "SI", "NO") -> NO
A76: 75 | B76: HOMBRE | C76: 476424.06 | D76: ASALARIADO | E76: SECTOR PRIVADO | F76: SI | G76: NO | H76: NO | I76: 24 | J76: =(C76-$Q$13)/$Q$14 -> -0.22331651 | K76: =(I76-$R$13)/$R$14 -> -1.2637461 | L76: =IF(ABS(J76)> 1.96, "SI", "NO") -> NO | M76: =IF(ABS(K76)> 1.96, "SI", "NO") -> NO
A77: 76 | B77: MUJER | C77: 278035 | D77: TRABAJADOR INDEPENDIENTE | E77: SECTOR PRIVADO | F77: SI | G77: NO | H77: SI | I77: 27 | J77: =(C77-$Q$13)/$Q$14 -> -0.46793855 | K77: =(I77-$R$13)/$R$14 -> -1.0520201 | L77: =IF(ABS(J77)> 1.96, "SI", "NO") -> NO | M77: =IF(ABS(K77)> 1.96, "SI", "NO") -> NO
A78: 77 | B78: HOMBRE | C78: 297046 | D78: ASEGURADO VOLUNTARIO | E78: SECTOR PRIVADO | F78: NO | G78: NO | H78: SI | I78: 29 | J78: =(C78-$Q$13)/$Q$14 -> -0.44449719 | K78: =(I78-$R$13)/$R$14 -> -0.91086947 | L78: =IF(ABS(J78)> 1.96, "SI", "NO") -> NO | M78: =IF(ABS(K78)> 1.96, "SI", "NO") -> NO
A79: 78 | B79: MUJER | C79: 643859.2 | D79: ASALARIADO | E79: SECTOR PUBLICO | F79: SI | G79: NO | H79: NO | I79: 35 | J79: =(C79-$Q$13)/$Q$14 -> -0.016861963 | K79: =(I79-$R$13)/$R$14 -> -0.48741749 | L79: =IF(ABS(J79)> 1.96, "SI", "NO") -> NO | M79: =IF(ABS(K79)> 1.96, "SI", "NO") -> NO
A80: 79 | B80: HOMBRE | C80: 364678.16 | D80: ASALARIADO | E80: SECTOR PRIVADO | F80: SI | G80: NO | H80: NO | I80: 28 | J80: =(C80-$Q$13)/$Q$14 -> -0.3611039 | K80: =(I80-$R$13)/$R$14 -> -0.9814448 | L80: =IF(ABS(J80)> 1.96, "SI", "NO") -> NO | M80: =IF(ABS(K80)> 1.96, "SI", "NO") -> NO
A81: 80 | B81: MUJER | C81: 297046 | D81: ASEGURADO VOLUNTARIO | E81: SECTOR PRIVADO | F81: SI | G81: NO | H81: NO | I81: 50 | J81: =(C81-$Q$13)/$Q$14 -> -0.44449719 | K81: =(I81-$R$13)/$R$14 -> 0.57121246 | L81: =IF(ABS(J81)> 1.96, "SI", "NO") -> NO | M81: =IF(ABS(K81)> 1.96, "SI", "NO") -> NO
A82: 81 | B82: MUJER | C82: 909000 | D82: ASALARIADO | E82: SECTOR PRIVADO | F82: SI | G82: NO | H82: SI | I82: 27 | J82: =(C82-$Q$13)/$Q$14 -> 0.31006777 | K82: =(I82-$R$13)/$R$14 -> -1.0520201 | L82: =IF(ABS(J82)> 1.96, "SI", "NO") -> NO | M82: =IF(ABS(K82)> 1.96, "SI", "NO") -> NO
A83: 82 | B83: MUJER | C83: 1769611 | D83: ASALARIADO | E83: SECTOR PUBLICO | F83: SI | G83: NO | H83: NO | I83: 56 | J83: =(C83-$Q$13)/$Q$14 -> 1.3712372 | K83: =(I83-$R$13)/$R$14 -> 0.99466444 | L83: =IF(ABS(J83)> 1.96, "SI", "NO") -> NO | M83: =IF(ABS(K83)> 1.96, "SI", "NO") -> NO
A84: 83 | B84: HOMBRE | C84: 415861 | D84: TRABAJADOR INDEPENDIENTE | E84: SECTOR PRIVADO | F84: SI | G84: NO | H84: SI | I84: 34 | J84: =(C84-$Q$13)/$Q$14 -> -0.29799331 | K84: =(I84-$R$13)/$R$14 -> -0.55799282 | L84: =IF(ABS(J84)> 1.96, "SI", "NO") -> NO | M84: =IF(ABS(K84)> 1.96, "SI", "NO") -> NO
A85: 84 | B85: MUJER | C85: 1404047 | D85: ASALARIADO | E85: SECTOR PUBLICO | F85: SI | G85: NO | H85: SI | I85: 53 | J85: =(C85-$Q$13)/$Q$14 -> 0.92048148 | K85: =(I85-$R$13)/$R$14 -> 0.78293845 | L85: =IF(ABS(J85)> 1.96, "SI", "NO") -> NO | M85: =IF(ABS(K85)> 1.96, "SI", "NO") -> NO
... A97: 96 | B97: MUJER | C97: 412625.63 | D97: ASALARIADO | E97: SECTOR PRIVADO | F97: SI | G97: NO | H97: NO | I97: 26 | J97: =(C97-$Q$13)/$Q$14 -> -0.30198265 | K97: =(I97-$R$13)/$R$14 -> -1.1225955 | L97: =IF(ABS(J97)> 1.96, "SI", "NO") -> NO | M97: =IF(ABS(K97)> 1.96, "SI", "NO") -> NO
A98: 97 | B98: HOMBRE | C98: 234334 | D98: ASALARIADO | E98: SECTOR PRIVADO | F98: SI | G98: NO | H98: NO | I98: 21 | J98: =(C98-$Q$13)/$Q$14 -> -0.52182371 | K98: =(I98-$R$13)/$R$14 -> -1.4754721 | L98: =IF(ABS(J98)> 1.96, "SI", "NO") -> NO | M98: =IF(ABS(K98)> 1.96, "SI", "NO") -> NO | P98: 7)
A99: 98 | B99: MUJER | C99: 675720 | D99: ASALARIADO | E99: SECTOR PUBLICO | F99: SI | G99: NO | H99: NO | I99: 36 | J99: =(C99-$Q$13)/$Q$14 -> 0.02242374 | K99: =(I99-$R$13)/$R$14 -> -0.41684216 | L99: =IF(ABS(J99)> 1.96, "SI", "NO") -> NO | M99: =IF(ABS(K99)> 1.96, "SI", "NO") -> NO | P99: Porcentaje de persona morosa
A100: 99 | B100: MUJER | C100: 283745.98 | D100: ASALARIADO | E100: SECTOR PRIVADO | F100: SI | G100: NO | H100: NO | I100: 22 | J100: =(C100-$Q$13)/$Q$14 -> -0.46089667 | K100: =(I100-$R$13)/$R$14 -> -1.4048968 | L100: =IF(ABS(J100)> 1.96, "SI", "NO") -> NO | M100: =IF(ABS(K100)> 1.96, "SI", "NO") -> NO | Q100: SEXO | R100: porcententaje
A101: 100 | B101: MUJER | C101: 3729038.4 | D101: ASALARIADO | E101: SECTOR PUBLICO | F101: SI | G101: NO | H101: NO | I101: 50 | J101: =(C101-$Q$13)/$Q$14 -> 3.7872934 | K101: =(I101-$R$13)/$R$14 -> 0.57121246 | L101: =IF(ABS(J101)> 1.96, "SI", "NO") -> SI | M101: =IF(ABS(K101)> 1.96, "SI", "NO") -> NO | Q101: Hombre | R101: =COUNTIFS(Imputacion!B2:B5001, "HOMBRE",Imputacion!H2:H5001,"SI")/5000*100 -> 10.68
A102: 101 | B102: MUJER | C102: 300000 | D102: ASALARIADO | E102: SECTOR PRIVADO | F102: SI | G102: NO | H102: NO | I102: 33 | J102: =(C102-$Q$13)/$Q$14 -> -0.44085478 | K102: =(I102-$R$13)/$R$14 -> -0.62856815 | L102: =IF(ABS(J102)> 1.96, "SI", "NO") -> NO | M102: =IF(ABS(K102)> 1.96, "SI", "NO") -> NO | Q102: Mujer | R102: =COUNTIFS(Imputacion!B2:B5001, "MUJER",Imputacion!H2:H5001,"SI")/5000*100 -> 6.72
A103: 102 | B103: MUJER | C103: 377900 | D103: ASALARIADO | E103: SECTOR PRIVADO | F103: SI | G103: NO | H103: NO | I103: 57 | J103: =(C103-$Q$13)/$Q$14 -> -0.34480081 | K103: =(I103-$R$13)/$R$14 -> 1.0652398 | L103: =IF(ABS(J103)> 1.96, "SI", "NO") -> NO | M103: =IF(ABS(K103)> 1.96, "SI", "NO") -> NO
A104: 103 | B104: HOMBRE | C104: 300018 | D104: ASEGURADO VOLUNTARIO | E104: SECTOR PRIVADO | F104: SI | G104: NO | H104: NO | I104: 63 | J104: =(C104-$Q$13)/$Q$14 -> -0.44083258 | K104: =(I104-$R$13)/$R$14 -> 1.4886917 | L104: =IF(ABS(J104)> 1.96, "SI", "NO") -> NO | M104: =IF(ABS(K104)> 1.96, "SI", "NO") -> NO
A105: 104 | B105: MUJER | C105: 306643.32 | D105: ASALARIADO | E105: SECTOR PRIVADO | F105: SI | G105: NO | H105: NO | I105: 30 | J105: =(C105-$Q$13)/$Q$14 -> -0.43266329 | K105: =(I105-$R$13)/$R$14 -> -0.84029414 | L105: =IF(ABS(J105)> 1.96, "SI", "NO") -> NO | M105: =IF(ABS(K105)> 1.96, "SI", "NO") -> NO
A106: 105 | B106: HOMBRE | C106: 462759 | D106: ASALARIADO | E106: SECTOR PRIVADO | F106: SI | G106: NO | H106: NO | I106: 35 | J106: =(C106-$Q$13)/$Q$14 -> -0.24016611 | K106: =(I106-$R$13)/$R$14 -> -0.48741749 | L106: =IF(ABS(J106)> 1.96, "SI", "NO") -> NO | M106: =IF(ABS(K106)> 1.96, "SI", "NO") -> NO
A107: 106 | B107: MUJER | C107: 1411236 | D107: ASALARIADO | E107: SECTOR PUBLICO | F107: SI | G107: NO | H107: NO | I107: 30 | J107: =(C107-$Q$13)/$Q$14 -> 0.92934582 | K107: =(I107-$R$13)/$R$14 -> -0.84029414 | L107: =IF(ABS(J107)> 1.96, "SI", "NO") -> NO | M107: =IF(ABS(K107)> 1.96, "SI", "NO") -> NO
A108: 107 | B108: HOMBRE | C108: 310124 | D108: ASEGURADO VOLUNTARIO | E108: SECTOR PRIVADO | F108: SI | G108: NO | H108: NO | I108: 51 | J108: =(C108-$Q$13)/$Q$14 -> -0.42837146 | K108: =(I108-$R$13)/$R$14 -> 0.64178779 | L108: =IF(ABS(J108)> 1.96, "SI", "NO") -> NO | M108: =IF(ABS(K108)> 1.96, "SI", "NO") -> NO
A109: 108 | B109: HOMBRE | C109: 505145 | D109: TRABAJADOR INDEPENDIENTE | E109: SECTOR PRIVADO | F109: SI | G109: SI | H109: SI | I109: 30 | J109: =(C109-$Q$13)/$Q$14 -> -0.18790239 | K109: =(I109-$R$13)/$R$14 -> -0.84029414 | L109: =IF(ABS(J109)> 1.96, "SI", "NO") -> NO | M109: =IF(ABS(K109)> 1.96, "SI", "NO") -> NO
A110: 109 | B110: HOMBRE | C110: 386161 | D110: TRABAJADOR INDEPENDIENTE | E110: SECTOR PRIVADO | F110: SI | G110: NO | H110: SI | I110: 44 | J110: =(C110-$Q$13)/$Q$14 -> -0.33461465 | K110: =(I110-$R$13)/$R$14 -> 0.14776048 | L110: =IF(ABS(J110)> 1.96, "SI", "NO") -> NO | M110: =IF(ABS(K110)> 1.96, "SI", "NO") -> NO
A111: 110 | B111: MUJER | C111: 297973.5 | D111: ASALARIADO | E111: SECTOR PUBLICO | F111: SI | G111: NO | H111: NO | I111: 43 | J111: =(C111-$Q$13)/$Q$14 -> -0.44335354 | K111: =(I111-$R$13)/$R$14 -> 0.077185147 | L111: =IF(ABS(J111)> 1.96, "SI", "NO") -> NO | M111: =IF(ABS(K111)> 1.96, "SI", "NO") -> NO
A112: 111 | B112: MUJER | C112: 338049.9 | D112: ASALARIADO | E112: SECTOR PRIVADO | F112: SI | G112: NO | H112: NO | I112: 43 | J112: =(C112-$Q$13)/$Q$14 -> -0.39393766 | K112: =(I112-$R$13)/$R$14 -> 0.077185147 | L112: =IF(ABS(J112)> 1.96, "SI", "NO") -> NO | M112: =IF(ABS(K112)> 1.96, "SI", "NO") -> NO
A113: 112 | B113: MUJER | C113: 298155 | D113: ASEGURADO VOLUNTARIO | E113: SECTOR PRIVADO | F113: SI | G113: NO | H113: NO | I113: 47 | J113: =(C113-$Q$13)/$Q$14 -> -0.44312974 | K113: =(I113-$R$13)/$R$14 -> 0.35948647 | L113: =IF(ABS(J113)> 1.96, "SI", "NO") -> NO | M113: =IF(ABS(K113)> 1.96, "SI", "NO") -> NO
A114: 113 | B114: MUJER | C114: 278030.99 | D114: CONVENIOS ESPECIALES DE TRABAJADORES INDEPENDIENTES | E114: SECTOR PRIVADO | F114: SI | G114: NO | H114: NO | I114: 30 | J114: =(C114-$Q$13)/$Q$14 -> -0.46794349 | K114: =(I114-$R$13)/$R$14 -> -0.84029414 | L114: =IF(ABS(J114)> 1.96, "SI", "NO") -> NO | M114: =IF(ABS(K114)> 1.96, "SI", "NO") -> NO
... A122: 121 | B122: MUJER | C122: 149929.63 | D122: ASALARIADO | E122: SECTOR PRIVADO | F122: SI | G122: SI | H122: NO | I122: 28 | J122: =(C122-$Q$13)/$Q$14 -> -0.62589784 | K122: =(I122-$R$13)/$R$14 -> -0.9814448 | L122: =IF(ABS(J122)> 1.96, "SI", "NO") -> NO | M122: =IF(ABS(K122)> 1.96, "SI", "NO") -> NO
...

Sheet Imputacion
A1: IDENTIFICACION | B1: SEXO | C1: SALARIO | D1: TIPO_ASEGURAMIENTO | E1: SECTOR | F1: INDICADOR_ACTIVO | G1: INDICADOR.EXTRANJERO | H1: INDICADOR_MOROSO | I1: EDAD | J1: MOROSO_BIN | K1: RANGO_SALARIO | L1: RANGO_EDAD
A2: 1 | B2: HOMBRE | C2: =IF(ISBLANK(Hoja1!C2),AVERAGE(Hoja1!$C$2:$C$5001),Hoja1!C2) -> 657534.29 | D2: =IF(ISBLANK(Hoja1!D2),"ASALARIADO",Hoja1!D2) -> ASALARIADO | E2: SECTOR PUBLICO | F2: SI | G2: NO | H2: NO | I2: =IF(ISBLANK(Hoja1!I2),AVERAGE(Hoja1!$I$2:$I$5001),Hoja1!I2) -> 42 | J2: =IF(H2="SI",1,0) -> 0 | K2: =IF(C2<=400000,"0-400k",IF(C2<=800000,"400k-800k",IF(C2<=1200000,"800k-1.2M",IF(C2<=2000000,"1.2M-2M","2M+")))) -> 400k-800k | L2: =IF(I2<=30,"18-30",IF(I2<=45,"31-45",IF(I2<=60,"46-60",IF(I2<=75,"61-75","76-100+")))) -> 31-45
A3: 2 | B3: HOMBRE | C3: =IF(ISBLANK(Hoja1!C3),AVERAGE(Hoja1!$C$2:$C$5001),Hoja1!C3) -> 3315014 | D3: =IF(ISBLANK(Hoja1!D3),"ASALARIADO",Hoja1!D3) -> PENSIONADOS EN SU PROPIO SISTEMA | E3: SECTOR PUBLICO | F3: SI | G3: NO | H3: NO | I3: =IF(ISBLANK(Hoja1!I3),AVERAGE(Hoja1!$I$2:$I$5001),Hoja1!I3) -> 77 | J3: =IF(H3="SI",1,0) -> 0 | K3: =IF(C3<=400000,"0-400k",IF(C3<=800000,"400k-800k",IF(C3<=1200000,"800k-1.2M",IF(C3<=2000000,"1.2M-2M","2M+")))) -> 2M+ | L3: =IF(I3<=30,"18-30",IF(I3<=45,"31-45",IF(I3<=60,"46-60",IF(I3<=75,"61-75","76-100+")))) -> 76-100+
A4: 3 | B4: MUJER | C4: =IF(ISBLANK(Hoja1!C4),AVERAGE(Hoja1!$C$2:$C$5001),Hoja1!C4) -> 270486.01 | D4: =IF(ISBLANK(Hoja1!D4),"ASALARIADO",Hoja1!D4) -> ASALARIADO | E4: SECTOR PRIVADO | F4: SI | G4: NO | H4: NO | I4: =IF(ISBLANK(Hoja1!I4),AVERAGE(Hoja1!$I$2:$I$5001),Hoja1!I4) -> 45 | J4: =IF(H4="SI",1,0) -> 0 | K4: =IF(C4<=400000,"0-400k",IF(C4<=800000,"400k-800k",IF(C4<=1200000,"800k-1.2M",IF(C4<=2000000,"1.2M-2M","2M+")))) -> 0-400k | L4: =IF(I4<=30,"18-30",IF(I4<=45,"31-45",IF(I4<=60,"46-60",IF(I4<=75,"61-75","76-100+")))) -> 31-45
A5: 4 | B5: MUJER | C5: =IF(ISBLANK(Hoja1!C5),AVERAGE(Hoja1!$C$2:$C$5001),Hoja1!C5) -> 544949.83 | D5: =IF(ISBLANK(Hoja1!D5),"ASALARIADO",Hoja1!D5) -> ASALARIADO | E5: SECTOR PRIVADO | F5: SI | G5: NO | H5: NO | I5: =IF(ISBLANK(Hoja1!I5),AVERAGE(Hoja1!$I$2:$I$5001),Hoja1!I5) -> 49 | J5: =IF(H5="SI",1,0) -> 0 | K5: =IF(C5<=400000,"0-400k",IF(C5<=800000,"400k-800k",IF(C5<=1200000,"800k-1.2M",IF(C5<=2000000,"1.2M-2M","2M+")))) -> 400k-800k | L5: =IF(I5<=30,"18-30",IF(I5<=45,"31-45",IF(I5<=60,"46-60",IF(I5<=75,"61-75","76-100+")))) -> 46-60
A6: 5 | B6: MUJER | C6: =IF(ISBLANK(Hoja1!C6),AVERAGE(Hoja1!$C$2:$C$5001),Hoja1!C6) -> 210000 | D6: =IF(ISBLANK(Hoja1!D6),"ASALARIADO",Hoja1!D6) -> ASALARIADO | E6: SECTOR PRIVADO | F6: SI | G6: NO | H6: NO | I6: =IF(ISBLANK(Hoja1!I6),AVERAGE(Hoja1!$I$2:$I$5001),Hoja1!I6) -> 42 | J6: =IF(H6="SI",1,0) -> 0 | K6: =IF(C6<=400000,"0-400k",IF(C6<=800000,"400k-800k",IF(C6<=1200000,"800k-1.2M",IF(C6<=2000000,"1.2M-2M","2M+")))) -> 0-400k | L6: =IF(I6<=30,"18-30",IF(I6<=45,"31-45",IF(I6<=60,"46-60",IF(I6<=75,"61-75","76-100+")))) -> 31-45
A7: 6 | B7: HOMBRE | C7: =IF(ISBLANK(Hoja1!C7),AVERAGE(Hoja1!$C$2:$C$5001),Hoja1!C7) -> 397150 | D7: =IF(ISBLANK(Hoja1!D7),"ASALARIADO",Hoja1!D7) -> ASALARIADO | E7: SECTOR PRIVADO | F7: SI | G7: NO | H7: NO | I7: =IF(ISBLANK(Hoja1!I7),AVERAGE(Hoja1!$I$2:$I$5001),Hoja1!I7) -> 44 | J7: =IF(H7="SI",1,0) -> 0 | K7: =IF(C7<=400000,"0-400k",IF(C7<=800000,"400k-800k",IF(C7<=1200000,"800k-1.2M",IF(C7<=2000000,"1.2M-2M","2M+")))) -> 0-400k | L7: =IF(I7<=30,"18-30",IF(I7<=45,"31-45",IF(I7<=60,"46-60",IF(I7<=75,"61-75","76-100+")))) -> 31-45
A8: 7 | B8: HOMBRE | C8: =IF(ISBLANK(Hoja1!C8),AVERAGE(Hoja1!$C$2:$C$5001),Hoja1!C8) -> 854712 | D8: =IF(ISBLANK(Hoja1!D8),"ASALARIADO",Hoja1!D8) -> ASALARIADO | E8: SECTOR PRIVADO | F8: SI | G8: NO | H8: NO | I8: =IF(ISBLANK(Hoja1!I8),AVERAGE(Hoja1!$I$2:$I$5001),Hoja1!I8) -> 38 | J8: =IF(H8="SI",1,0) -> 0 | K8: =IF(C8<=400000,"0-400k",IF(C8<=800000,"400k-800k",IF(C8<=1200000,"800k-1.2M",IF(C8<=2000000,"1.2M-2M","2M+")))) -> 800k-1.2M | L8: =IF(I8<=30,"18-30",IF(I8<=45,"31-45",IF(I8<=60,"46-60",IF(I8<=75,"61-75","76-100+")))) -> 31-45
A9: 8 | B9: HOMBRE | C9: =IF(ISBLANK(Hoja1!C9),AVERAGE(Hoja1!$C$2:$C$5001),Hoja1!C9) -> 401000 | D9: =IF(ISBLANK(Hoja1!D9),"ASALARIADO",Hoja1!D9) -> ASALARIADO | E9: SECTOR PRIVADO | F9: SI | G9: SI | H9: SI | I9: =IF(ISBLANK(Hoja1!I9),AVERAGE(Hoja1!$I$2:$I$5001),Hoja1!I9) -> 36 | J9: =IF(H9="SI",1,0) -> 1 | K9: =IF(C9<=400000,"0-400k",IF(C9<=800000,"400k-800k",IF(C9<=1200000,"800k-1.2M",IF(C9<=2000000,"1.2M-2M","2M+")))) -> 400k-800k | L9: =IF(I9<=30,"18-30",IF(I9<=45,"31-45",IF(I9<=60,"46-60",IF(I9<=75,"61-75","76-100+")))) -> 31-45
A10: 9 | B10: MUJER | C10: =IF(ISBLANK(Hoja1!C10),AVERAGE(Hoja1!$C$2:$C$5001),Hoja1!C10) -> 264703.96 | D10: =IF(ISBLANK(Hoja1!D10),"ASALARIADO",Hoja1!D10) -> ASALARIADO | E10: SECTOR PRIVADO | F10: SI | G10: NO | H10: NO | I10: =IF(ISBLANK(Hoja1!I10),AVERAGE(Hoja1!$I$2:$I$5001),Hoja1!I10) -> 21 | J10: =IF(H10="SI",1,0) -> 0 | K10: =IF(C10<=400000,"0-400k",IF(C10<=800000,"400k-800k",IF(C10<=1200000,"800k-1.2M",IF(C10<=2000000,"1.2M-2M","2M+")))) -> 0-400k | L10: =IF(I10<=30,"18-30",IF(I10<=45,"31-45",IF(I10<=60,"46-60",IF(I10<=75,"61-75","76-100+")))) -> 18-30
A11: 10 | B11: HOMBRE | C11: =IF(ISBLANK(Hoja1!C11),AVERAGE(Hoja1!$C$2:$C$5001),Hoja1!C11) -> 4677126.8 | D11: =IF(ISBLANK(Hoja1!D11),"ASALARIADO",Hoja1!D11) -> ASALARIADO | E11: SECTOR PRIVADO | F11: SI | G11: NO | H11: NO | I11: =IF(ISBLANK(Hoja1!I11),AVERAGE(Hoja1!$I$2:$I$5001),Hoja1!I11) -> 40 | J11: =IF(H11="SI",1,0) -> 0 | K11: =IF(C11<=400000,"0-400k",IF(C11<=800000,"400k-800k",IF(C11<=1200000,"800k-1.2M",IF(C11<=2000000,"1.2M-2M","2M+")))) -> 2M+ | L11: =IF(I11<=30,"18-30",IF(I11<=45,"31-45",IF(I11<=60,"46-60",IF(I11<=75,"61-75","76-100+")))) -> 31-45
A12: 11 | B12: MUJER | C12: =IF(ISBLANK(Hoja1!C12),AVERAGE(Hoja1!$C$2:$C$5001),Hoja1!C12) -> 1200000 | D12: =IF(ISBLANK(Hoja1!D12),"ASALARIADO",Hoja1!D12) -> ASALARIADO | E12: SECTOR PRIVADO | F12: SI | G12: NO | H12: NO | I12: =IF(ISBLANK(Hoja1!I12),AVERAGE(Hoja1!$I$2:$I$5001),Hoja1!I12) -> 30 | J12: =IF(H12="SI",1,0) -> 0 | K12: =IF(C12<=400000,"0-400k",IF(C12<=800000,"400k-800k",IF(C12<=1200000,"800k-1.2M",IF(C12<=2000000,"1.2M-2M","2M+")))) -> 800k-1.2M | L12: =IF(I12<=30,"18-30",IF(I12<=45,"31-45",IF(I12<=60,"46-60",IF(I12<=75,"61-75","76-100+")))) -> 18-30
A13: 12 | B13: MUJER | C13: =IF(ISBLANK(Hoja1!C13),AVERAGE(Hoja1!$C$2:$C$5001),Hoja1!C13) -> 1030132 | D13: =IF(ISBLANK(Hoja1!D13),"ASALARIADO",Hoja1!D13) -> ASALARIADO | E13: SECTOR PUBLICO | F13: SI | G13: NO | H13: SI | I13: =IF(ISBLANK(Hoja1!I13),AVERAGE(Hoja1!$I$2:$I$5001),Hoja1!I13) -> 58 | J13: =IF(H13="SI",1,0) -> 1 | K13: =IF(C13<=400000,"0-400k",IF(C13<=800000,"400k-800k",IF(C13<=1200000,"800k-1.2M",IF(C13<=2000000,"1.2M-2M","2M+")))) -> 800k-1.2M | L13: =IF(I13<=30,"18-30",IF(I13<=45,"31-45",IF(I13<=60,"46-60",IF(I13<=75,"61-75","76-100+")))) -> 46-60
... A5001: 5000 | B5001: HOMBRE | C5001: =IF(ISBLANK(Hoja1!C5001),AVERAGE(Hoja1!$C$2:$C$5001),Hoja1!C5001) -> 489078.33 | D5001: =IF(ISBLANK(Hoja1!D5001),"ASALARIADO",Hoja1!D5001) -> ASALARIADO | E5001: SECTOR PRIVADO | F5001: SI | G5001: NO | H5001: NO | I5001: =IF(ISBLANK(Hoja1!I5001),AVERAGE(Hoja1!$I$2:$I$5001),Hoja1!I5001) -> 41 | J5001: =IF(H5001="SI",1,0) -> 0 | K5001: =IF(C5001<=400000,"0-400k",IF(C5001<=800000,"400k-800k",IF(C5001<=1200000,"800k-1.2M",IF(C5001<=2000000,"1.2M-2M","2M+")))) -> 400k-800k | L5001: =IF(I5001<=30,"18-30",IF(I5001<=45,"31-45",IF(I5001<=60,"46-60",IF(I5001<=75,"61-75","76-100+")))) -> 31-45
